{
 "P0_Sample_Problem": {
  "a": ["'COOLAPL'",
   "''","'NVWLSHR'",
   "{⍵[?⍨≢⍵]}'AEIOU',⎕A[?26⍴⍨9+?16]"],
  "b": ["2 3⍴'APLYES'",
   "⎕A[?26⍴⍨1+?2⍴⍨1+?2]",
   "''⍴⍨¯1+?⍨3"],
  "f": "{+/,⍵∊'AEIOU'}",
  "p": "{⊃⍣(1=≢,⍵)⊢⍵}"
 },
 "P1_Chunky_Monkey": {
  "a": [["3","⍳9"],
   ["3","⍳11"],
   ["2","'The' 'cat' 'in' 'the' 'hat' 'sat' 'pat'"],
   ["1+?2","?2⍴¨⍨1+?2⍴¨⍨?2⍴⍨1+?2"]],
  "b": [["10","'Dyalog'"],
   ["5","''"],
   ["4","5"],
   ["1","⎕A"],
   ["5+?5","2+⍳?3"]],
  "f": "{⍵⊂⍨(≢⍵)⍴⍺↑1}",
  "p": "⍬,,"
 },
 "P2_Making_the_Grade": {
  "a": ["14 15 92 65 35 89 79",
   "0,⍳100",
   "¯1+?101⍴⍨?2⍴⍨1+?2"],
  "b": ["2 2⍴61 80 33 100",
   "¯1+?101"],
  "f": "{'FDCBA'[0 65 70 80 90⍸⍵]}",
  "p": "819⌶"
 },
 "P3_Grade_Distribution": {
  "a": ["9 5 7 5 4/'DABFC'",
   "20⍴'ABC'",
   "'ABCDF'[?5⍴⍨9+?10]"],
  "b": ["'ABCDF'[,?5]"],
  "f": "{{⍵,0.1×⌊0.5+1000×⍵[;2]÷+/⍵[;2]}{⍺(¯1+≢⍵)}⌸'ABCDF',⍵}",
  "p": "819⌶@1⍤1"
 },
 "P4_Knight_Moves": {
  "a": ["5 4","6 2","2 7","2 1",
   "1 1","1 8","8 1","8 8",
   "?8 8","?8 8","?8 8","?8 8"],
  "f": "{(,⍳8 8)∩⍵∘+¨,{⍵⍪⌽¨⍵}⊃∘.,/↓2 1∘.×1 ¯1}",
  "p": "⊂∘⍋⌷↑⍣≡"
 },
 "P5_Doubling_Up": {
  "a": [",¨'I' 'feed' 'the' 'bookkeeper'",
    "⎕A","2/⎕A",
    "'oo' 'zzz' 'baaah'",
    "{'abc'[?15⍴3]}¨⍳2+?2"],
  "b": ["'I' 'feed' 'the' 'bookkeeper'",
    "'I'",",'I'",
    "'feed'",",⊂'feed'"],
  "f": "{{∨/2=/,⍵}¨,⊆,⍵}",
  "p": ","
 },
 "P6_Telephone_Names": {
  "a": ["'IAMYY4U'",
   "'UR2CUTE'",
   "(⎕D,⎕A)[?26⍴⍨4+?15]",
   "⎕D,⎕A"],
  "b": ["''"],
  "f": "{∊10|⍸¨↓⍵∘.∊'1' '2ABC' '3DEF' '4GHI' '5JKL' '6MNO' '7PQRS' '8TUV' '9WXYZ' '0'}",
  "p": ","
 },
 "P7_In_the_Center_of_It_All": {
  "a": [["10","'APL' 'Problem' 'Solving' 'Competition'"],
   ["?15","{(⎕A,819⌶⎕A)[?⍴⍨⍵]⊂⍨(⍳⍵)∊⍵?⍨3+?7}52"]],
  "b": [["3+?10","'APL'"],
   ["?10",",⊂'Competition'"],
   ["?15","0⍴⊂''"]],
  "f": "{{⍵⌽⍨⌈¯0.5×⍵+.=' '}↑⍺↑¨,⊆,⍵}",
  "p": "{⎕FMT'.*'⎕R'&'⍠'EOL' 'CR'⍠'NEOL'1↑⍣≡⍵}"
 },
 "P8_Going_the_Distance": {
  "a": ["(¯1.5 ¯1.5)(1.5 2.5)(1.5 ¯1.5)",
  "(1 ¯1)(1 3)",
  "(1 1)(1 2)(2 2)(2 1)",
   "(¯5+?(2+?4)⍴⊂,⍨11)÷2*?2"],
  "b": ["5 5",
   ",⊂¯2 ¯4"],
  "f": "{+/2{.5*⍨2+.*⍨⍺-⍵}/⍵⍴⍨1+≢⍵}∘⊆",
  "p": "{⊃⍣(1=≢,⍵)⊢⍵}"
 },
 "P9_Area_Code_a_la_Gauss": {
  "a": ["(2 4)(3 ¯8)(1 2)",
   "↓¯10+?3 2⍴21",
   ",⌿9 11∘.○{⌽⍣(?2)⊢(?≢⍵)⌽⍵[⍋12○⍵]}⌊0.5+(⊢×∘?15⍴⍨≢)¯12○○10÷⍨(3+?6)?10"],
  "b": ["(1 1)",
   "(1 1)(2 2)"],
  "f": "{{.5×|-/+⌿⍵×1⊖⌽⍵}↑,⊆⍵}",
  "p": "{⊃⍣(1=≢,⍵)⊢⍵}"
 },
 "P10_Odd_and_Evens": {
  "a": ["'the' 'plan' 'is' 'great'",
   "'all' 'odd'",
   "'only' 'even' 'here'",
   "{(⎕A,819⌶⎕A)[?⍴⍨⍵]⊂⍨(⍳⍵)∊⍵?⍨3+?7}52"],
  "b": [",⊂'one'",
   ",⊂'lone'",
   "0⍴⊂''"],
  "f": "{1↓¨{(2|≢¨⍵){⊂⍵}⌸⍵}'i' 'ii',⍵}",
  "p": "{0=≢⍵:⍬⋄⍵}¨"
 }
}
